SongTitle,ArtistName,Mood
Happy,Pharrell Williams,Happy
Can't Stop the Feeling!,Justin Timberlake,Happy
Walking on Sunshine,Katrina and the Waves,Happy
Uptown Funk,Mark Ronson ft. Bruno Mars,Happy
Best Day of My Life,American Authors,Happy
Happy,Pharrell Williams,Happy
Can't Stop the Feeling!,Justin Timberlake,Happy
Walking on Sunshine,Katrina and the Waves,Happy
Uptown Funk,Mark Ronson ft. Bruno Mars,Happy
Best Day of My Life,American Authors,Happy
Happy,Pharrell Williams,Happy
Can't Stop the Feeling!,Justin Timberlake,Happy
Walking on Sunshine,Katrina and the Waves,Happy
Uptown Funk,Mark Ronson ft. Bruno Mars,Happy
Best Day of My Life,American Authors,Happy
Happy,Pharrell Williams,Happy
Can't Stop the Feeling!,Justin Timberlake,Happy
Walking on Sunshine,Katrina and the Waves,Happy
Uptown Funk,Mark Ronson ft. Bruno Mars,Happy
Best Day of My Life,American Authors,Happy
Happy,Pharrell Williams,Happy
Can't Stop the Feeling!,Justin Timberlake,Happy
Walking on Sunshine,Katrina and the Waves,Happy
Uptown Funk,Mark Ronson ft. Bruno Mars,Happy
Best Day of My Life,American Authors,Happy
Happy,Pharrell Williams,Happy
Can't Stop the Feeling!,Justin Timberlake,Happy
Walking on Sunshine,Katrina and the Waves,Happy
Uptown Funk,Mark Ronson ft. Bruno Mars,Happy
Best Day of My Life,American Authors,Happy
Happy,Pharrell Williams,Happy
Can't Stop the Feeling!,Justin Timberlake,Happy
Walking on Sunshine,Katrina and the Waves,Happy
Uptown Funk,Mark Ronson ft. Bruno Mars,Happy
Best Day of My Life,American Authors,Happy
Happy,Pharrell Williams,Happy
Can't Stop the Feeling!,Justin Timberlake,Happy
Walking on Sunshine,Katrina and the Waves,Happy
Uptown Funk,Mark Ronson ft. Bruno Mars,Happy
Best Day of My Life,American Authors,Happy
Happy,Pharrell Williams,Happy
Can't Stop the Feeling!,Justin Timberlake,Happy
Walking on Sunshine,Katrina and the Waves,Happy
Uptown Funk,Mark Ronson ft. Bruno Mars,Happy
Best Day of My Life,American Authors,Happy
Happy,Pharrell Williams,Happy
Can't Stop the Feeling!,Justin Timberlake,Happy
Walking on Sunshine,Katrina and the Waves,Happy
Uptown Funk,Mark Ronson ft. Bruno Mars,Happy
Best Day of My Life,American Authors,Happy
Someone Like You,Adele,Sad
Let Her Go,Passenger,Sad
Skinny Love,Birdy,Sad
Say Something,A Great Big World,Sad
When We Were Young,Adele,Sad
Someone Like You,Adele,Sad
Let Her Go,Passenger,Sad
Skinny Love,Birdy,Sad
Say Something,A Great Big World,Sad
When We Were Young,Adele,Sad
Someone Like You,Adele,Sad
Let Her Go,Passenger,Sad
Skinny Love,Birdy,Sad
Say Something,A Great Big World,Sad
When We Were Young,Adele,Sad
Someone Like You,Adele,Sad
Let Her Go,Passenger,Sad
Skinny Love,Birdy,Sad
Say Something,A Great Big World,Sad
When We Were Young,Adele,Sad
Someone Like You,Adele,Sad
Let Her Go,Passenger,Sad
Skinny Love,Birdy,Sad
Say Something,A Great Big World,Sad
When We Were Young,Adele,Sad
Someone Like You,Adele,Sad
Let Her Go,Passenger,Sad
Skinny Love,Birdy,Sad
Say Something,A Great Big World,Sad
When We Were Young,Adele,Sad
Someone Like You,Adele,Sad
Let Her Go,Passenger,Sad
Skinny Love,Birdy,Sad
Say Something,A Great Big World,Sad
When We Were Young,Adele,Sad
Someone Like You,Adele,Sad
Let Her Go,Passenger,Sad
Skinny Love,Birdy,Sad
Say Something,A Great Big World,Sad
When We Were Young,Adele,Sad
Someone Like You,Adele,Sad
Let Her Go,Passenger,Sad
Skinny Love,Birdy,Sad
Say Something,A Great Big World,Sad
When We Were Young,Adele,Sad
Someone Like You,Adele,Sad
Let Her Go,Passenger,Sad
Skinny Love,Birdy,Sad
Say Something,A Great Big World,Sad
When We Were Young,Adele,Sad
Eye of the Tiger,Survivor,Energetic
Thunderstruck,AC/DC,Energetic
Lose Yourself,Eminem,Energetic
Don't Stop Believin',Journey,Energetic
Stronger,Kanye West,Energetic
Eye of the Tiger,Survivor,Energetic
Thunderstruck,AC/DC,Energetic
Lose Yourself,Eminem,Energetic
Don't Stop Believin',Journey,Energetic
Stronger,Kanye West,Energetic
Eye of the Tiger,Survivor,Energetic
Thunderstruck,AC/DC,Energetic
Lose Yourself,Eminem,Energetic
Don't Stop Believin',Journey,Energetic
Stronger,Kanye West,Energetic
Eye of the Tiger,Survivor,Energetic
Thunderstruck,AC/DC,Energetic
Lose Yourself,Eminem,Energetic
Don't Stop Believin',Journey,Energetic
Stronger,Kanye West,Energetic
Eye of the Tiger,Survivor,Energetic
Thunderstruck,AC/DC,Energetic
Lose Yourself,Eminem,Energetic
Don't Stop Believin',Journey,Energetic
Stronger,Kanye West,Energetic
Eye of the Tiger,Survivor,Energetic
Thunderstruck,AC/DC,Energetic
Lose Yourself,Eminem,Energetic
Don't Stop Believin',Journey,Energetic
Stronger,Kanye West,Energetic
Eye of the Tiger,Survivor,Energetic
Thunderstruck,AC/DC,Energetic
Lose Yourself,Eminem,Energetic
Don't Stop Believin',Journey,Energetic
Stronger,Kanye West,Energetic
Eye of the Tiger,Survivor,Energetic
Thunderstruck,AC/DC,Energetic
Lose Yourself,Eminem,Energetic
Don't Stop Believin',Journey,Energetic
Stronger,Kanye West,Energetic
Eye of the Tiger,Survivor,Energetic
Thunderstruck,AC/DC,Energetic
Lose Yourself,Eminem,Energetic
Don't Stop Believin',Journey,Energetic
Stronger,Kanye West,Energetic
Eye of the Tiger,Survivor,Energetic
Thunderstruck,AC/DC,Energetic
Lose Yourself,Eminem,Energetic
Don't Stop Believin',Journey,Energetic
Stronger,Kanye West,Energetic
Weightless,Marconi Union,Calm
Sunrise,Norah Jones,Calm
River Flows in You,Yiruma,Calm
Can't Help Falling in Love,Elvis Presley,Calm
A Thousand Years,Christina Perri,Calm
Weightless,Marconi Union,Calm
Sunrise,Norah Jones,Calm
River Flows in You,Yiruma,Calm
Can't Help Falling in Love,Elvis Presley,Calm
A Thousand Years,Christina Perri,Calm
Weightless,Marconi Union,Calm
Sunrise,Norah Jones,Calm
River Flows in You,Yiruma,Calm
Can't Help Falling in Love,Elvis Presley,Calm
A Thousand Years,Christina Perri,Calm
Weightless,Marconi Union,Calm
Sunrise,Norah Jones,Calm
River Flows in You,Yiruma,Calm
Can't Help Falling in Love,Elvis Presley,Calm
A Thousand Years,Christina Perri,Calm
Weightless,Marconi Union,Calm
Sunrise,Norah Jones,Calm
River Flows in You,Yiruma,Calm
Can't Help Falling in Love,Elvis Presley,Calm
A Thousand Years,Christina Perri,Calm
Weightless,Marconi Union,Calm
Sunrise,Norah Jones,Calm
River Flows in You,Yiruma,Calm
Can't Help Falling in Love,Elvis Presley,Calm
A Thousand Years,Christina Perri,Calm
Weightless,Marconi Union,Calm
Sunrise,Norah Jones,Calm
River Flows in You,Yiruma,Calm
Can't Help Falling in Love,Elvis Presley,Calm
A Thousand Years,Christina Perri,Calm
Weightless,Marconi Union,Calm
Sunrise,Norah Jones,Calm
River Flows in You,Yiruma,Calm
Can't Help Falling in Love,Elvis Presley,Calm
A Thousand Years,Christina Perri,Calm
Weightless,Marconi Union,Calm
Sunrise,Norah Jones,Calm
River Flows in You,Yiruma,Calm
Can't Help Falling in Love,Elvis Presley,Calm
A Thousand Years,Christina Perri,Calm
Weightless,Marconi Union,Calm
Sunrise,Norah Jones,Calm
River Flows in You,Yiruma,Calm
Can't Help Falling in Love,Elvis Presley,Calm
A Thousand Years,Christina Perri,Calm
Breathe Me,Sia,Anxious
Mad World,Gary Jules,Anxious
Creep,Radiohead,Anxious
Unsteady,X Ambassadors,Anxious
Numb,Linkin Park,Anxious
Breathe Me,Sia,Anxious
Mad World,Gary Jules,Anxious
Creep,Radiohead,Anxious
Unsteady,X Ambassadors,Anxious
Numb,Linkin Park,Anxious
Breathe Me,Sia,Anxious
Mad World,Gary Jules,Anxious
Creep,Radiohead,Anxious
Unsteady,X Ambassadors,Anxious
Numb,Linkin Park,Anxious
Breathe Me,Sia,Anxious
Mad World,Gary Jules,Anxious
Creep,Radiohead,Anxious
Unsteady,X Ambassadors,Anxious
Numb,Linkin Park,Anxious
Breathe Me,Sia,Anxious
Mad World,Gary Jules,Anxious
Creep,Radiohead,Anxious
Unsteady,X Ambassadors,Anxious
Numb,Linkin Park,Anxious
Breathe Me,Sia,Anxious
Mad World,Gary Jules,Anxious
Creep,Radiohead,Anxious
Unsteady,X Ambassadors,Anxious
Numb,Linkin Park,Anxious
Breathe Me,Sia,Anxious
Mad World,Gary Jules,Anxious
Creep,Radiohead,Anxious
Unsteady,X Ambassadors,Anxious
Numb,Linkin Park,Anxious
Breathe Me,Sia,Anxious
Mad World,Gary Jules,Anxious
Creep,Radiohead,Anxious
Unsteady,X Ambassadors,Anxious
Numb,Linkin Park,Anxious
Breathe Me,Sia,Anxious
Mad World,Gary Jules,Anxious
Creep,Radiohead,Anxious
Unsteady,X Ambassadors,Anxious
Numb,Linkin Park,Anxious
Breathe Me,Sia,Anxious
Mad World,Gary Jules,Anxious
Creep,Radiohead,Anxious
Unsteady,X Ambassadors,Anxious
Numb,Linkin Park,Anxious
Budapest,George Ezra,Chill
Sweater Weather,The Neighbourhood,Chill
Banana Pancakes,Jack Johnson,Chill
Slow Dancing in a Burning Room,John Mayer,Chill
Gravity,John Mayer,Chill
Budapest,George Ezra,Chill
Sweater Weather,The Neighbourhood,Chill
Banana Pancakes,Jack Johnson,Chill
Slow Dancing in a Burning Room,John Mayer,Chill
Gravity,John Mayer,Chill
Budapest,George Ezra,Chill
Sweater Weather,The Neighbourhood,Chill
Banana Pancakes,Jack Johnson,Chill
Slow Dancing in a Burning Room,John Mayer,Chill
Gravity,John Mayer,Chill
Budapest,George Ezra,Chill
Sweater Weather,The Neighbourhood,Chill
Banana Pancakes,Jack Johnson,Chill
Slow Dancing in a Burning Room,John Mayer,Chill
Gravity,John Mayer,Chill
Budapest,George Ezra,Chill
Sweater Weather,The Neighbourhood,Chill
Banana Pancakes,Jack Johnson,Chill
Slow Dancing in a Burning Room,John Mayer,Chill
Gravity,John Mayer,Chill
Budapest,George Ezra,Chill
Sweater Weather,The Neighbourhood,Chill
Banana Pancakes,Jack Johnson,Chill
Slow Dancing in a Burning Room,John Mayer,Chill
Gravity,John Mayer,Chill
Budapest,George Ezra,Chill
Sweater Weather,The Neighbourhood,Chill
Banana Pancakes,Jack Johnson,Chill
Slow Dancing in a Burning Room,John Mayer,Chill
Gravity,John Mayer,Chill
Budapest,George Ezra,Chill
Sweater Weather,The Neighbourhood,Chill
Banana Pancakes,Jack Johnson,Chill
Slow Dancing in a Burning Room,John Mayer,Chill
Gravity,John Mayer,Chill
Budapest,George Ezra,Chill
Sweater Weather,The Neighbourhood,Chill
Banana Pancakes,Jack Johnson,Chill
Slow Dancing in a Burning Room,John Mayer,Chill
Gravity,John Mayer,Chill
Budapest,George Ezra,Chill
Sweater Weather,The Neighbourhood,Chill
Banana Pancakes,Jack Johnson,Chill
Slow Dancing in a Burning Room,John Mayer,Chill
Gravity,John Mayer,Chill
